{
  "bandwidth": 0.2475206315435005,
  "latency": 0.25735033818950326,
  "packet_loss": 0.24319520105171508,
  "uptime": 0.25193382921528107
}