{
    "rf": {
        "accuracy": 0.9577981651376147,
        "precision": 0.9473684210526315,
        "recall": 0.976271186440678,
        "f1": 0.9616026711185309,
        "roc_auc": 0.9885694915254237,
        "pr_auc": 0.9897604134098471
    },
    "nb": {
        "accuracy": 0.944954128440367,
        "precision": 0.9288025889967637,
        "recall": 0.9728813559322034,
        "f1": 0.9503311258278145,
        "roc_auc": 0.9853423728813558,
        "pr_auc": 0.9862800414561202
    },
    "label_classes": [
        "gangguan",
        "normal"
    ],
    "feature_names": [
        "bandwidth",
        "latency",
        "packet_loss",
        "uptime"
    ]
}