{
    "rf": {
        "accuracy": 0.8367697594501718,
        "precision": 0.9835616438356164,
        "recall": 0.6611418047882136,
        "f1": 0.7907488986784141,
        "roc_auc": 0.8527133507115892,
        "pr_auc": 0.8508337512683984
    },
    "nb": {
        "accuracy": 0.8144329896907216,
        "precision": 0.8997555012224939,
        "recall": 0.6777163904235728,
        "f1": 0.773109243697479,
        "roc_auc": 0.8314368496128445,
        "pr_auc": 0.8636554077023129
    },
    "label_classes": [
        "gangguan",
        "normal"
    ],
    "feature_names": [
        "bandwidth",
        "latency",
        "packet_loss",
        "uptime"
    ]
}